name,address
The Church,"1160 N Lincoln StDenver, CO 80203"
The Potter's House of Denver,"9495 E Florida AveDenver, CO 80247"
Crossroads Church,"10451 Huron StDenver, CO 80234"
Temple Emanuel,"51 Grape StDenver, CO 80220"
Praise Center Church,"3105 W Florida AveDenver, CO 80219"
First Universalist Church,"4101 E Hampden AveDenver, CO 80222"
Church In The City,"2280 E 16th AveDenver, CO 80206"
New Life Fellowship,"2241 S Holly StDenver, CO 80222"
Seventh Circle Music Collective,"2935 W 7th AveDenver, CO 80204"
Front Range Bible Church,"1001 S Pearl StDenver, CO 80209"
Cypress Community Church,"2122 S Lafayette StDenver, CO 80210"
Teen Challenge,"2634 S BroadwayDenver, CO 80210"
Grace City Denver,"2701 Lima StDenver, CO 80238"
St. James Catholic Church,"1311 S Oneida StDenver, CO 80224"
Our Merciful Savior Episcopal Church,"2222 W 32nd AveDenver, CO 80211"
Temple Micah,"2600 Leyden StDenver, CO 80207"
Denver Catholic Register,"1300 S Steele StDenver, CO 80210"
Messiah Baptist Church,"3241 W 44th AveDenver, CO 80211"
Berean Bible Church,"1400 Birch StDenver, CO 80220"
St Paul's Lutheran Church,"1600 N Grant StDenver, CO 80203"
Evanston United Methodist,"2122 S Lafayette StDenver, CO 80210"
L2 Church,"1477 Columbine StDenver, CO 80206"
Most Precious Blood Catholic Church,"2227 S Colorado BlvdDenver, CO 80222"
Bridgeway Church,"5201 E Warren AveDenver, CO 80222"
Rodef Shalom Preschool,"450 S Kearney StDenver, CO 80224"
Augustana Lutheran Church,"5000 E Alameda AveDenver, CO 80246"
Calvary Temple,"200 S University BlvdDenver, CO 80209"
Messiah Lutheran Church,"1750 Colorado BlvdDenver, CO 80220"
Highlands United Methodist Church,"3131 Osceola StDenver, CO 80212"
Assumption Greek Orthodox Cathedral,"4610 E Alameda AveDenver, CO 80246"
Southern Gables Church (EFCA),"4001 S Wadsworth Blvd, Littleton, CO 80123"
Calvary Episcopal Church Golden,"1320 Arapahoe St, Golden, CO 80401"
GracePoint Community Church,"90 E Orchard Rd, Centennial, CO 80121"
Landmark Tabernacle,"2727 S Sheridan Blvd, Denver, CO 80227"
Pax Christi Catholic Church,"5761 Mcarthur Ranch Rd, Lone Tree, CO 80124"
Calvary Episcopal Church Golden,"1320 Arapahoe St, Golden, CO 80401"
Good Life Church of God,"2200 E 104th Ave Ste 209, Thornton, CO 80233"
Pax Christi Catholic Church,"5761 Mcarthur Ranch Rd, Lone Tree, CO 80124"
Southern Gables Church (EFCA),"4001 S Wadsworth Blvd, Littleton, CO 80123"
The Church,"1160 N Lincoln StDenver, CO 80203"
The Potter's House of Denver,"9495 E Florida AveDenver, CO 80247"
Crossroads Church,"10451 Huron StDenver, CO 80234"
Temple Emanuel,"51 Grape StDenver, CO 80220"
Praise Center Church,"3105 W Florida AveDenver, CO 80219"
First Universalist Church,"4101 E Hampden AveDenver, CO 80222"
Church In The City,"2280 E 16th AveDenver, CO 80206"
New Life Fellowship,"2241 S Holly StDenver, CO 80222"
Seventh Circle Music Collective,"2935 W 7th AveDenver, CO 80204"
Front Range Bible Church,"1001 S Pearl StDenver, CO 80209"
Cypress Community Church,"2122 S Lafayette StDenver, CO 80210"
Teen Challenge,"2634 S BroadwayDenver, CO 80210"
Grace City Denver,"2701 Lima StDenver, CO 80238"
St. James Catholic Church,"1311 S Oneida StDenver, CO 80224"
Our Merciful Savior Episcopal Church,"2222 W 32nd AveDenver, CO 80211"
Temple Micah,"2600 Leyden StDenver, CO 80207"
Denver Catholic Register,"1300 S Steele StDenver, CO 80210"
Messiah Baptist Church,"3241 W 44th AveDenver, CO 80211"
Berean Bible Church,"1400 Birch StDenver, CO 80220"
St Paul's Lutheran Church,"1600 N Grant StDenver, CO 80203"
Evanston United Methodist,"2122 S Lafayette StDenver, CO 80210"
L2 Church,"1477 Columbine StDenver, CO 80206"
Most Precious Blood Catholic Church,"2227 S Colorado BlvdDenver, CO 80222"
Bridgeway Church,"5201 E Warren AveDenver, CO 80222"
Rodef Shalom Preschool,"450 S Kearney StDenver, CO 80224"
Augustana Lutheran Church,"5000 E Alameda AveDenver, CO 80246"
Calvary Temple,"200 S University BlvdDenver, CO 80209"
Messiah Lutheran Church,"1750 Colorado BlvdDenver, CO 80220"
Highlands United Methodist Church,"3131 Osceola StDenver, CO 80212"
Assumption Greek Orthodox Cathedral,"4610 E Alameda AveDenver, CO 80246"
Southern Gables Church (EFCA),"4001 S Wadsworth Blvd, Littleton, CO 80123"
Calvary Episcopal Church Golden,"1320 Arapahoe St, Golden, CO 80401"
GracePoint Community Church,"90 E Orchard Rd, Centennial, CO 80121"
Landmark Tabernacle,"2727 S Sheridan Blvd, Denver, CO 80227"
Pax Christi Catholic Church,"5761 Mcarthur Ranch Rd, Lone Tree, CO 80124"
Calvary Episcopal Church Golden,"1320 Arapahoe St, Golden, CO 80401"
Good Life Church of God,"2200 E 104th Ave Ste 209, Thornton, CO 80233"
Pax Christi Catholic Church,"5761 Mcarthur Ranch Rd, Lone Tree, CO 80124"
Southern Gables Church (EFCA),"4001 S Wadsworth Blvd, Littleton, CO 80123"
Our Saviors Lutheran Church,"915 E 9th AveDenver, CO 80218"
St Ignacious Loyola Church,"2309 N Gaylord StDenver, CO 80205"
Christ Episcopal Church,"2950 S University BlvdDenver, CO 80210"
Epworth United Methodist Church,"3401 N High StDenver, CO 80205"
Christ Church United Methodist,"690 Colorado BlvdDenver, CO 80206"
Holy Protection of The Mother of God Byzantine Catholic Church,"1201 S Elizabeth StDenver, CO 80210"
Metropolitan Community Church,"960 N Clarkson StDenver, CO 80218"
Church of Scientology of Colorado,"2300 Blake StDenver, CO 80205"
Notre Dame Catholic School,"2165 S Zenobia StDenver, CO 80219"
Mountain View Child Care Center,"3939 W Florida AveDenver, CO 80219"
Harvest Worship Center,"2300 W 90th AveDenver, CO 80260"
Open Door Fellowship,"1530 N Marion StDenver, CO 80218"
Love Christian Fellowship,"4651 Tulsa CtDenver, CO 80239"
Trinity United Methodist Church,"1820 BroadwayDenver, CO 80202"
VIETNAMESE BAPTIST NEW LIFE CHURCH,"2707 W Mississippi AveDenver, CO 80219"
Rock Church,"901 Monaco PkwyDenver, CO 80220"
His Hands Christian Ministries Inc,"2575 S BroadwayDenver, CO 80210"
Calvary Apostolic Church,"5900 E Yale AveDenver, CO 80222"
Crosstimbers Christian Fllwshp,"12000 Zuni StDenver, CO 80234"
People House Inc,"3035 W 25th AveDenver, CO 80211"
Crossroads Of The Rockies,"2707 W Mississippi AveDenver, CO 80219"
New Life Fellowship Church,"2707 W Mississippi AveDenver, CO 80219"
Woodside Baptist Church,"8500 E Alameda AveDenver, CO 80247"
Fairview Baptist Church,"7881 Fairview AveDenver, CO 80221"
Holy Ghost Church,"1900 California StDenver, CO 80202"
Montbello Catholic Parish Church,"14050 Maxwell PlDenver, CO 80239"
Colorado Council Of Churches,"3690 E Cherry Creek South DrDenver, CO 80209"
Landmark Tabernacle,"2727 S Sheridan BlvdDenver, CO 80227"
Bear Valley Church,"10001 W Jewell AveDenver, CO 80232"
Forefront Church At Harvey Park,"2112 S Patton CtDenver, CO 80219"
Hebrew Educational Alliance,"3600 S Ivanhoe StDenver, CO 80237"
Congregation Standing Strong,"1800 S Sheridan Blvd Ste 107Denver, CO 80232"
Blessed Sacrament Church - Parish Office,"4900 Montview BlvdDenver, CO 80207"
St Francis Of Assisi National Catholic Church,"556 S Jersey StDenver, CO 80224"
Colorado Community Church,"3651 S Sheridan BlvdDenver, CO 80235"
Southern Baptist Convention,"10001 W Jewell AveDenver, CO 80232"
Reveal Truth Mission,"10200 E Girard AveDenver, CO 80231"
Mission To The Americas,"2530 N Washington StDenver, CO 80205"
True Life Church,"2525 W 29th AveDenver, CO 80212"
Northeast Denver Islamic Center,"3400 Albion StDenver, CO 80207"
Metropolitan Denver N Islamic Center,"11141 Irma DrDenver, CO 80233"
Korean Christian Church,"1495 S University BlvdDenver, CO 80210"
Lowry Community Christian Church,"855 Yosemite StDenver, CO 80230"
Higher Ground Christian,"8821 E Hampden Ave Ste 120Denver, CO 80231"
His Love Fellowship,"910 Kalamath StDenver, CO 80204"
Solomon's Temple Baptist,"3880 Elm StDenver, CO 80207"
Church of Christ at Forest Street,"3500 Forest StDenver, CO 80207"
University Church Of Christ,"2000 S Milwaukee StDenver, CO 80210"
Colorado Catholic Conference,"1535 N Logan StDenver, CO 80203"
South Broadway Christian Church,"23 N Lincoln StDenver, CO 80203"
St Francis De Sales Convent,"301 S Grant StDenver, CO 80209"
Light Of The World,"3607 W 14th AveDenver, CO 80204"
Cameron United Methodist Church,"1600 S Pearl StDenver, CO 80210"
Catholic Foundation,"3801 E Florida Ave Ste 909Denver, CO 80210"
"St. James Church Denver, Co","1314 Newport StDenver, CO 80220"
Bear Valley Fellowship,"2606 S Sheridan BlvdDenver, CO 80227"
Rocky Mountain Synod ELCA,"7375 Samuel DrDenver, CO 80221"
Our Lady Of The Assumption Church,"2361 E 78th AveDenver, CO 80229"
New Song Fellowship,"8242 Pecos StDenver, CO 80221"
Abundant Word Ministries,"200 S University Blvd # MainDenver, CO 80209"
International Society For,"1400 Cherry StDenver, CO 80220"
Mikvah of Denver,"1404 Quitman StDenver, CO 80204"
Adventists Book Center,"2520 S Downing StDenver, CO 80210"
Eckankar Center Of Denver,"5800 E Evans AveDenver, CO 80222"
Colorado Indonesian Church,"2241 S Holly StDenver, CO 80222"
I Believe God Church,"9520 E Jewell AveDenver, CO 80247"
Quiet Waters Ministries-Bthsda,"9185 E Kenyon Ave Ste 150Denver, CO 80237"
Providence Bible Church,"1700 E 28th AveDenver, CO 80205"
Denver United Church,"660 S BroadwayDenver, CO 80209"
Pearl At West Side Christian Church,"1810 S Federal BlvdDenver, CO 80219"
Simmons Willie D Rev Ofc,"2400 California StDenver, CO 80205"
Summit Church,"3300 Larimer StDenver, CO 80205"
Vietnamese Community Baptist Church,"5200 Deephaven CtDenver, CO 80239"
Fellowship Denver Church,"875 Delaware StDenver, CO 80204"
St Peter & St Mary Episcopal Church,"126 W 2nd AveDenver, CO 80223"
Rocky Mountain Conf of Ucc,"1140 W 5th AveDenver, CO 80204"
Invision Sally Jobe At Presbyterian Saint Lukes,"2055 N High StDenver, CO 80205"
Seventh Avenue Ucc,"678 King StDenver, CO 80204"
Denver Presbyterian Church,"2540 Holly StDenver, CO 80207"
Fellowship Denver,"1990 S BroadwayDenver, CO 80210"
The Universal Church,"1810 S Federal BlvdDenver, CO 80219"
Denver Presbyterian Church,"8139 E 23rd AveDenver, CO 80238"
Victory Bible Church,"8200 E Pacific PlDenver, CO 80231"
Harvest Bible Church of Elizabeth,"826 Elbert StDenver, CO 80221"
Bear Valley Bible Institute Of Denver,"2707 S Lamar StDenver, CO 80227"
Church Of Christ,"7112 W Jefferson Ave Ste 103Denver, CO 80235"
Cathedral Basilica of The Immaculate Conception,"1535 N Logan StDenver, CO 80203"
Archer,"1331 17th St Ste 810Denver, CO 80202"
Christ Lutheran Church,"3460 N Humboldt StDenver, CO 80205"
St. Rose Of Lima Parish,"355 Saint Paul StDenver, CO 80206"
Firehouse Church,"3300 Tejon StDenver, CO 80211"
Generations Church,"2525 W 29th AveDenver, CO 80211"
St Dominic Church,"3025 W 29th AveDenver, CO 80211"
Presentation Of Our Lady Catholic Church,"665 Irving StDenver, CO 80204"
Holy Rosary Church,"4688 Pearl StDenver, CO 80216"
Iglesia De Dios Arbol De,"421 S Federal BlvdDenver, CO 80219"
St Mary's Church Inc,"3410 W Walsh PlDenver, CO 80219"
Trc Ministries,"4821 E 38th AveDenver, CO 80207"
Victory Outreach,"3502 W Walsh PlDenver, CO 80219"
St Cajetan Church,"299 S Stuart StDenver, CO 80219"
Our Lady Of Lourdes Catholic Church,"2256 S Logan StDenver, CO 80210"
Denver Christian Bible Church,"4625 E Iowa AveDenver, CO 80222"
Religious Education Of Developmentally Disabled Persons,"3101 W Hillside PlDenver, CO 80219"
Third Christian Reformed Church,"2400 S Ash StDenver, CO 80222"
The Redeemers Christian Fellowship,"2160 S Holly StDenver, CO 80222"
New Wine Ministry,"1240 S Parker Rd Ste 103Denver, CO 80231"
Roundup Fellowship,"2250 S Oneida St Ste 201Denver, CO 80224"
Roundup Fellowship,"2421 S Monaco PkwyDenver, CO 80222"
New Life Fellowship,"7808 E Cherry Creek South Dr Ste 203Denver, CO 80231"
Montbello Cooperative Ministries,"4685 Peoria St Ste 231Denver, CO 80239"
Montbello Catholic Parish Church Of The Ascension,"Crown Blvd & Maxwell PlDenver, CO 80202"
Lincoln St Baptist Church,"3551 N Steele StDenver, CO 80205"
Antioch Baptist Church,"2500 N Lafayette StDenver, CO 80205"
Baptist Temple,"4363 Xavier StDenver, CO 80212"
Ebenezer Baptist Church,"4040 Quebec StDenver, CO 80216"
New Life Christian Fellows,"21034 E 53rd PlDenver, CO 80249"
El Pueblo Catolico,"1300 S Steele StDenver, CO 80210"
Melody Ward,"521 E 14th AveDenver, CO 80203"
Saint Patrick Presbyterian Church-Denver,"1570 N Clarkson StDenver, CO 80218"
First Baptist Church,"1801 California StDenver, CO 80202"
Mcc Of The Rockies,"980 N Clarkson StDenver, CO 80218"
High View Church Denver,"650 N Pennsylvania StDenver, CO 80203"
Denver Buddhist Temple,"1947 Lawrence StDenver, CO 80202"
City Life Church,"608 26th StDenver, CO 80205"
Denver Rescue Mission,"1130 Park Ave WDenver, CO 80205"
Mile High Ministries,"1220 E 24th AveDenver, CO 80205"
Denver Rescue Mission Champa House,"2544 Champa StDenver, CO 80205"
Women's Services-Presby Saint,"1719 E 19th AveDenver, CO 80218"
Hope Program,"1555 Race StDenver, CO 80206"
The City Of Refuge COGIC,"850 30th StDenver, CO 80205"
Community Of One,"3047 Larimer StDenver, CO 80205"
Jubilee Evanglica Church,"2575 N Vine StDenver, CO 80205"
Templo El Cordero,"3799 N Franklin StDenver, CO 80205"
Iglesia Real Colorado,"2530 N Washington StDenver, CO 80205"
North Highland Church,"2945 N Saint Paul StDenver, CO 80205"
Csl Denver,"2590 N Washington StDenver, CO 80205"
Loyola Parish,"2309 N Gaylord StDenver, CO 80205"
Grace & Peace Denver,"3122 N Marion StDenver, CO 80205"
Mile High Ministries,"2330 W Mulberry PlDenver, CO 80204"
Grace And Peace Denver,"2540 E 29th AveDenver, CO 80205"
The Sanctuary Downtown,"2215 W 30th AveDenver, CO 80211"
Ancient Paths Church,"1575 Monroe StDenver, CO 80206"
Faith Ministries Church Intl,"455 S Platte River DrDenver, CO 80223"
Power Invasion Ministries,"455 S Platte River Dr Ste ADenver, CO 80223"
Progressive Church-God-Christ,"3205 N Adams StDenver, CO 80205"
Highlands Church,"2960 N Speer BlvdDenver, CO 80211"
Urban Crown Ministries,"3540 E 31st AveDenver, CO 80205"
Ethiopian Community Of Co,"55 Madison StDenver, CO 80206"
Bethel Ministries,"4338 Lipan StDenver, CO 80211"
Granite Peaks Church,"810 Knox CtDenver, CO 80204"
Imago Dei Global Communities,"4455 Jason StDenver, CO 80211"
Nueva Esperanza,"1395 King StDenver, CO 80204"
International Seventh-Day,"678 King StDenver, CO 80204"
Denver El Redentor Nazarene,"160 Irving StDenver, CO 80219"
Denver Parkhill Sda,"3385 Albion StDenver, CO 80207"
Light-The World Discipleship,"4008 Cook StDenver, CO 80216"
Iglesia Pentecostes Del Dios Viviente,"3511 E 41st AveDenver, CO 80216"
Abundant Life Baptist Church,"880 Fairfax StDenver, CO 80220"
Iece,"4760 Shoshone StDenver, CO 80211"
Bread of Life Cathedral Church of God In Christ,"1323 S Navajo StDenver, CO 80223"
Sisters of St Joseph,"3060 Dahlia StDenver, CO 80207"
Congregation Zera Abraham,"1560 Winona CtDenver, CO 80204"
Christian Church The Disciples,"2950 Tennyson StDenver, CO 80212"
Living Waters Tabernacle,"1701 S Sherman StDenver, CO 80210"
House Of Worship UPC,"999 S Colorado BlvdDenver, CO 80246"
St Johns Pentecostal,"3590 Grape StDenver, CO 80207"
Rocky Mountain Community Church,"3105 W Arkansas AveDenver, CO 80219"
St Mary Magdalene,"2771 Zenobia StDenver, CO 80212"
Mosaic Church,"200 E Asbury AveDenver, CO 80210"
Wat Buddhawararam,"4801 Julian StDenver, CO 80221"
Menorah Ministries Inc,"393 S Ivy StDenver, CO 80224"
Sisters Of St. Francis,"5314 Columbine RdDenver, CO 80221"
Ministerios Christianos Vida,"4201 W Kentucky AveDenver, CO 80219"
Denver Gracia Y Vida Nazarene Church,"4201 W Kentucky AveDenver, CO 80219"
Jewish Experience,"399 Monaco PkwyDenver, CO 80220"
Aurora Hispanic Seventh-Day Adventist Church,"1195 Newport StDenver, CO 80220"
Welcome To Saint Paul In Downtown,"290 Monaco PkwyDenver, CO 80220"
MOSAIC Church,"2000 E Asbury AveDenver, CO 80210"
Word From God Ministries,"4800 Dahlia StDenver, CO 80216"
Thomas Ministries,"6430 Martin Luther King BlvdDenver, CO 80207"
The Hills Church,"9025 E Kenyon AveDenver, CO 80237"
Chabad @ Auraria Campus,"9185 E Kenyon AveDenver, CO 80237"
Truth & Trust Lab,"12243 Andrews DrDenver, CO 80239"
Church In Denver,"9003 E Oxford DrDenver, CO 80237"
Come To Jesus Ministries,"14050 Maxwell PlDenver, CO 80239"
Jehovah's Witnesses,"5009 Joplin CtDenver, CO 80239"
The Robert & Judi Newman Center For The Performing Arts,"12050 Pecos StDenver, CO 80234"
Hillel Of Colorado,"5499 Netherland StDenver, CO 80249"
The Doubters Church,"665 Irving StDenver, CO 80204"
New Hope In Christ,"1701 S Sherman StDenver, CO 80210"
B'Nai Havurah-Cjrf,"4685 Peoria St Ste 231Denver, CO 80239"
Colorado-Denver ABC,"Crown Blvd & Maxwell PlDenver, CO 80202"
Logos Central Chapel,"126 W 2nd AveDenver, CO 80223"
Iglesia Angelica Amiel,"4688 Pearl StDenver, CO 80216"
Nameless Church,"1323 S Navajo StDenver, CO 80223"
"Morgan, David F","2421 S Monaco PkwyDenver, CO 80222"
Sisters of Charity,"1560 Winona CtDenver, CO 80204"
Unity Church Of Denver,"2222 W 32nd AveDenver, CO 80211"
Elevate Church,"2600 Leyden StDenver, CO 80207"
Kingdom Experience Christian Center,"1477 Columbine StDenver, CO 80206"
Kingsway Church,"5201 E Warren AveDenver, CO 80222"
Lakewood South Foursquare Church,"1300 S Steele StDenver, CO 80210"
Ciudad De Dios,"2122 S Lafayette StDenver, CO 80210"
Amazing Grace Mongolian Church Denver,"1600 N Grant StDenver, CO 80203"
All Faiths Chapel & Hall,"3241 W 44th AveDenver, CO 80211"
Trinity Christian Reformed Ch,"1400 Birch StDenver, CO 80220"
Faith Cleaning Service,"2227 S Colorado BlvdDenver, CO 80222"
Bridgeway Church,"2071 S Parker RdDenver, CO 80231"
Faith Cornerstone Fellowship,"3801 W Ohio AveDenver, CO 80219"
City Of Refuge Tabernacle,"2797 S Lowell BlvdDenver, CO 80236"
Thornton Westminster First Church,"1436 W 81st PlDenver, CO 80221"
Foothills Chapel,"6226 W Jefferson AveDenver, CO 80235"
Reality Check Ministries,"9025 E Kenyon AveDenver, CO 80237"
First Universalist Chr-Denver,"9185 E Kenyon AveDenver, CO 80237"
Union Chapel Missionary Baptist,"12243 Andrews DrDenver, CO 80239"
Sisters Of Loretto,"9003 E Oxford DrDenver, CO 80237"
Church Of The Ascension,"14050 Maxwell PlDenver, CO 80239"
Iglesia Faro De Luz,"5009 Joplin CtDenver, CO 80239"
Front Range Calvary,"12050 Pecos StDenver, CO 80234"
Revolution Global Center,"5499 Netherland StDenver, CO 80249"
Boys & Girls Club Of America,"2017 W 9th AveDenver, CO 80204"
Augustana Early Learning Center,"5000 E Alameda AveDenver, CO 80246"
Roundup Fellowship Inc,"3443 S Galena St Ste 310Denver, CO 80231"
Metro Care Ring,"1100 E 18th AveDenver, CO 80218"
Surplus Line Association,"1575 Vine StDenver, CO 80206"
Roundup Fellowship,"1162 S Quivas StDenver, CO 80223"
Christ's Body Ministries,"850 N Lincoln StDenver, CO 80203"
Salvation Army Family Store,"2205 E Colfax AveDenver, CO 80206"
Catholic Charities & Comm,"665 Irving StDenver, CO 80204"
Emanuel Congregation Preschool,"51 Grape StDenver, CO 80220"
Catholic Campus Ministry At Du,"1795 S Williams StDenver, CO 80210"
Catholic Charities & Community Services of the Archdiocese of Denver,"6240 Smith RdDenver, CO 80216"
International Dyslexia Association,"508 S Pontiac WayDenver, CO 80224"
National Assn-Social Workers,"3600 S Yosemite StDenver, CO 80237"
New Destiny Youth Svc,"Denver, CO 80207"
St Phillips & St James Episcopal Church,"2797 S Lowell BlvdDenver, CO 80236"
Colorado Muslim Society,"2071 S Parker RdDenver, CO 80231"
Macedonia Baptist Church,"3240 N Adams StDenver, CO 80205"
St Anthony Of Padua,"3801 W Ohio AveDenver, CO 80219"
First Baptist Church Of Denver,"1373 N Grant StDenver, CO 80203"
Christ The King Catholic Church,"830 Elm StDenver, CO 80220"
Cure D'ars Church,"3201 Dahlia StDenver, CO 80207"
Montclair United Methodist Church,"1195 Newport StDenver, CO 80220"
Notre Dame Church of SW Denver,"5100 W Evans AveDenver, CO 80219"
New Hope Church,"5255 W Warren AveDenver, CO 80227"
Church Of Jesus Christ Of Latter Day Saints,"375 S Zuni StDenver, CO 80223"
The Church of Pentecost,"5900 E 39th AveDenver, CO 80207"
Holiday Hills Community Church,"2000 W 92nd AveDenver, CO 80260"
Our Lady of Guadalupe Church,"1209 W 36th AveDenver, CO 80211"
Here's Life Inner City,"1520 N Marion StDenver, CO 80218"
Denver Islamic Society,"2124 S Birch StDenver, CO 80222"
Agape Christian Church,"2501 California StDenver, CO 80205"
Our Faith Baptist Church,"2552 N Clarkson StDenver, CO 80205"
New Hope Baptist Church,"3701 N Colorado BlvdDenver, CO 80205"
Set Free Church,"1001 Perry StDenver, CO 80204"
Union Baptist Church,"3200 Dahlia StDenver, CO 80207"
Victory Baptist Church,"1305 S Dale CtDenver, CO 80219"
Good Shepherd Baptist Church,"2814 Ivy StDenver, CO 80207"
Shiloh Baptist Church,"3301 Leyden StDenver, CO 80207"
Galilee Baptist Church,"1091 S Parker RdDenver, CO 80231"
Lochwood Baptist Church,"1354 S Union BlvdDenver, CO 80228"
Bible Way Christian Training,"3340 Bruce Randolph AveDenver, CO 80205"
Bethel Presbyterian Church,"1395 King StDenver, CO 80204"
Epiphany Episcopal Church,"100 Colorado BlvdDenver, CO 80206"
Saint Thomas Episcopal Church,"2201 Dexter StDenver, CO 80207"
Dahlia Street Church of Christ,"1100 Dahlia StDenver, CO 80220"
Celebration Community Church,"1650 S Birch StDenver, CO 80222"
Salem United Church Of Christ,"5300 E Florida AveDenver, CO 80222"
Young Nak Presbyterian Church,"1691 S Parker RdDenver, CO 80231"
Bear Valley Church Of Christ,"2707 S Lamar StDenver, CO 80227"
The Grant Avenue Community Center,"216 S Grant StDenver, CO 80209"
Our Lady Of Mt Carmel Church,"3549 Navajo StDenver, CO 80211"
Bethany United Methodist Church,"3501 W 1st AveDenver, CO 80219"
St Catherines School,"4200 Federal BlvdDenver, CO 80211"
St Cajetan,"4335 W Byers PlDenver, CO 80219"
House Of Joy Miracle Church,"3082 Leyden StDenver, CO 80207"
Brentwood United Methodist Church,"1899 S Irving StDenver, CO 80219"
Christ Lutheran Church,"2695 S Franklin StDenver, CO 80210"
Church of All Saints,"2559 S Federal BlvdDenver, CO 80219"
Cross Of Glory Lutheran Church,"1991 S Oneida StDenver, CO 80224"
Zion Lutheran Church,"2600 S Wadsworth BlvdDenver, CO 80227"
Bonnie Brae Church,"700 Bonnie Brae BlvdDenver, CO 80209"
Light Of The World Praise Church,"12075 E 40th AveDenver, CO 80239"
Pillar of Fire Church,"1302 N Sherman StDenver, CO 80203"
Saint Augustine's Orthodox Church,"55 W 3rd AveDenver, CO 80223"
True Faith Church Of God In Christ,"1800 E 22nd AveDenver, CO 80205"
Menorah Menorah Ministries,"100 Colorado BlvdDenver, CO 80206"
Holy Transfiguration Of Christ,"349 E 47th AveDenver, CO 80216"
Denver Grace Brethren Church,"700 S Federal BlvdDenver, CO 80219"
Greek Orthodox Metropolis-Dnvr,"4550 E Alameda AveDenver, CO 80246"
Church Of Jesus Christ Of Latter Day Saints,"740 Hudson StDenver, CO 80220"
Lovingway United Pentecostal,"999 S Colorado BlvdDenver, CO 80246"
The Denver Synagogue,"560 Monaco PkwyDenver, CO 80220"
Mountain View Friends Meeting,"2280 S Columbine StDenver, CO 80210"
Rocky Mt Conf Of Seventh Day Adventist,"2520 S Downing StDenver, CO 80210"
Christ Congregational Church,"2500 S Sheridan BlvdDenver, CO 80227"
Iglesia Cristiana La Roca,"2606 S Sheridan BlvdDenver, CO 80227"
Christ Community Church,"8085 E Hampden AveDenver, CO 80231"
Buddhist Association Of Co,"8965 W Dartmouth PlDenver, CO 80227"
McCarroll Bible Church,"391 S Holly StDenver, CO 80246"
Indian Bible Church,"595 S Logan StDenver, CO 80209"
Highland Christian Church,"3401 W 29th AveDenver, CO 80211"
Central Christian Church,"3690 E Cherry Creek South DrDenver, CO 80209"
Zion Job Ministry,"914 E 24th AveDenver, CO 80205"
Paradise Missionary Baptist Church,"3715 N Garfield StDenver, CO 80205"
Genesis Baptist Church,"2958 N Josephine StDenver, CO 80205"
Missionary Baptist Church,"3456 N Gilpin StDenver, CO 80205"
Mt Sinai Baptist Church,"3356 N Clayton StDenver, CO 80205"
Holy Spirit Baptist Church,"3563 N Elizabeth StDenver, CO 80205"
Solid Rock Baptist Church,"3520 E 28th AveDenver, CO 80205"
First Baptist Church,"100 Colorado BlvdDenver, CO 80206"
Solomon's Temple Baptist,"3000 Holly StDenver, CO 80207"
Christ The King Missionary Baptist Church,"2390 Olive StDenver, CO 80207"
Gethsemane Baptist Church,"2567 W Iliff AveDenver, CO 80219"
Greater Union Baptist Church,"1780 Xanthia StDenver, CO 80220"
North Federal Baptist Church,"3070 W 65th AveDenver, CO 80221"
Vietnamese Community Baptist Church,"Denver, CO 80239"
St Barnabas Parish,"1280 Vine StDenver, CO 80206"
First Avenue Presbyterian Church,"120 W 1st AveDenver, CO 80223"
Denver City Church,"1818 E 29th AveDenver, CO 80205"
Capitol Heights Presbyterian Church,"1100 Fillmore StDenver, CO 80206"
Washington Park United Church Of Christ,"400 S Williams StDenver, CO 80209"
North Presbyterian Church,"3701 Federal BlvdDenver, CO 80211"
Montview Boulevard Presbyterian Church,"1980 Dahlia StDenver, CO 80220"
Presbyterian Synod,"3025 W 37th AveDenver, CO 80211"
Iglesia Ni Cristo,"2605 W Mosier PlDenver, CO 80219"
Saint Michael and All Angels Church,"1400 S University BlvdDenver, CO 80210"
East Denver Church of Christ,"3500 Forest StDenver, CO 80207"
Church of Christ Scientist,"2025 S University BlvdDenver, CO 80210"
Berkeley Community Church United Church of Christ,"3701 W 50th AveDenver, CO 80221"
Wellshire Presbyterian Church,"2999 S Colorado BlvdDenver, CO 80222"
Lakewood First Church,"1680 Garland StDenver, CO 80215"
PIedmont Church of Christ,"1602 S Parker Rd Ste 109Denver, CO 80231"
Church Of Christ Scientist,"1436 W 81st PlDenver, CO 80221"
Harvest Bible Chapel Denver,"3650 S Yosemite St Ste 410Denver, CO 80237"
Sister Vincent Depaul,"475 N Logan StDenver, CO 80203"
Saint Elizabeth Of Hungary Church,"1060 11th StDenver, CO 80204"
Mother of God Catholic Church,"475 N Logan StDenver, CO 80203"
Cleaves Memorial CME Church,"2222 N Marion StDenver, CO 80205"
Ten Thirty Catholic Community,"1100 Fillmore StDenver, CO 80206"
Annunciation Catholic Church,"1408 E 36th AveDenver, CO 80205"
Epiphany Lutheran Church,"790 S Corona StDenver, CO 80209"
St John's School & Early Lrng,"700 S Franklin StDenver, CO 80209"
Merritt Memorial United Methodist Church,"2246 Irving StDenver, CO 80211"
Ukrainian Catholic Church Of Transfiguration Of Our Lord,"4118 Shoshone StDenver, CO 80211"
Saint Joseph's Polish Church,"517 E 46th AveDenver, CO 80216"
Emmaus Lutheran Church,"3120 Irving StDenver, CO 80211"
Catholic Communitye-Beatitudes,"2924 W 43rd AveDenver, CO 80211"
Highlands Lutheran Church,"3995 Irving StDenver, CO 80211"
Faith Lutheran Church,"4785 Elm CtDenver, CO 80211"
United Church,"1410 S Colorado BlvdDenver, CO 80222"
Agape Christian Church,"3050 Monaco PkwyDenver, CO 80207"
Notre Dame Church-S W Denver,"2190 S University BlvdDenver, CO 80210"
Rocky Mountain Miracle Center,"1939 S Monroe StDenver, CO 80210"
St Bernadette Catholic Parish,"Denver 80214Denver, CO 80214"
Most Precious Blood Catholic,"2222 S Harrison StDenver, CO 80210"
Mountain Desert District,"2242 S Albion StDenver, CO 80222"
Special Religious Education,"3101 W Hillside PlDenver, CO 80219"
Prince Of Peace Lutheran Church,"2400 S Colorado BlvdDenver, CO 80222"
Our Lady Of Visitation Church,"2531 W 65th PlDenver, CO 80221"
Grace United Methodist Church,"4905 E Yale AveDenver, CO 80222"
Eagles Nest Community Church,"2200 S Monaco Pkwy Unit CDenver, CO 80222"
University Hills Lutheran Church,"4949 E Eastman AveDenver, CO 80222"
Mount Zion Lutheran Church,"500 Drake StDenver, CO 80221"
Assumption of the Blessed Virgin Mary Catholic Church,"2361 E 78th AveDenver, CO 80229"
St. Cajetan Catholic Church,"4335 W Rutgers PlDenver, CO 80236"
Word Up Christian Center,"4800 Oakland St Unit 3Denver, CO 80239"
Cordero De Dios,"12150 Andrews DrDenver, CO 80239"
Central Baptist Church,"2400 California StDenver, CO 80205"
Peoples Church of The Risen Lord,"2700 Champa StDenver, CO 80205"
Friendship Baptist Church of Christ Jesus,"880 Fairfax StDenver, CO 80220"
Globeville Community Church,"5039 Lincoln StDenver, CO 80216"
Mountain View Baptist Church,"248 S Osceola StDenver, CO 80219"
Chaffee Community Baptist Church,"5001 Umatilla StDenver, CO 80221"
Hope Community Church,"1801 S Logan StDenver, CO 80210"
Berkeley Baptist Church,"4050 W 44th AveDenver, CO 80212"
Korean Baptist Church,"1990 S Newport StDenver, CO 80224"
Calvary Baptist Church,"6500 E Girard AveDenver, CO 80224"
Christ Baptist Church,"3000 S Wadsworth BlvdDenver, CO 80227"
High View Church,"2590 Walnut StDenver, CO 80205"
Christian Science Today,"900 N Grant StDenver, CO 80203"
Pentecostal Church Of God I M,"1037 W 13th AveDenver, CO 80204"
Ethiopian Orthodox Church,"574 N Pennsylvania StDenver, CO 80203"
Metaphysical Research Society,"1001 E 7th AveDenver, CO 80218"
Rocky Mountain Synod Elca,"455 N Sherman St Ste 160Denver, CO 80203"
Issachar Community,"1220 E 24th AveDenver, CO 80205"
Mt Zion Church Of God In Christ,"3000 California StDenver, CO 80205"
Galilee Church Of God In Christ,"1416 E 29th AveDenver, CO 80205"
Calvary Temple,"2 Acoma St Apt 1Denver, CO 80223"
Sharing & Caring,"3739 N Downing StDenver, CO 80205"
Jehovah's Witnesses,"3444 N Madison StDenver, CO 80205"
Denver Islamic Society,"2428 N Ogden StDenver, CO 80205"
Jehovah's Witnesses,"3801 N High StDenver, CO 80205"
Church In South Denver,"2900 N Milwaukee StDenver, CO 80205"
Jubilee Evanglica Church,"3301 N Milwaukee StDenver, CO 80205"
Hanhee Kim Mission Center,"1725 E 30th AveDenver, CO 80205"
Iglesia Cristiana La Roca,"400 S Logan StDenver, CO 80209"
First Church Of Christ Scientist,"2602 W 24th AveDenver, CO 80211"
First Spanish Foursquare Church,"3030 E 1st Ave Ste 107Denver, CO 80206"
Church of Jesus Christ of Latter-Day Saints,"2201 W 34th AveDenver, CO 80211"
Colorado Muslim Society,"3418 W 14th AveDenver, CO 80204"
Sovereign Grace Community Church,"2530 W Alameda AveDenver, CO 80219"
Hope Crossing Church,"1113 S Huron St Apt 26Denver, CO 80223"
Buddhist Association Of Co,"3826 Federal BlvdDenver, CO 80211"
New Generation Christian,"1400 Quitman StDenver, CO 80204"
Mile High Baptist Church,"4008 Cook StDenver, CO 80216"
Deliverance Tabernacle,"1600 S Pearl StDenver, CO 80210"
Iglesia Del Dios Vivo,"4595 Eliot StDenver, CO 80211"
Guardian Angels Church,"4575-A Eliot StreetDenver, CO 80211"
Now Faith Church,"2796 Utica StDenver, CO 80212"
Seventh-Day Adventist Church,"2340 W 49th AveDenver, CO 80221"
Saint Patrick PC,"3600 W Exposition AveDenver, CO 80219"
Warren United Methodist Church,"1895 S Ogden StDenver, CO 80210"
Bethel Christian Fellowship,"4670 E 17th Avenue PkwyDenver, CO 80220"
Bethel Church Of God,"2600 Leyden StDenver, CO 80207"
Community SDA Church,"3650 Yates StDenver, CO 80212"
Church Of Jesus Christ Of Latter Day Saints,"625 E Evans AveDenver, CO 80210"
Christ Centered Ministries,"6430 Martin Luther King BlvdDenver, CO 80207"
Colorado Episcopal Foundation,"4155 E Jewell Ave Ste 601Denver, CO 80222"
Holly Hills Bible Church,"2450 W Iliff AveDenver, CO 80219"
All Saints Of Russia Orthodox Church,"7476 E 29th AveDenver, CO 80238"
Kirk of Bonnie Brae Church,"2779 W Wesley AveDenver, CO 80219"
Alphea Center First Science Church Of Denver,"2606 S Josephine StDenver, CO 80210"
Stapleton Fellowship Church,"2288 S Tennyson StDenver, CO 80219"
Riverside Baptist Church,"1091 S Parker RdDenver, CO 80231"
Seventh-Day Adventist Church,"1990 S Newport StDenver, CO 80224"
King Baptist Church,"1230 S Parker RdDenver, CO 80231"
Life Source Adventist Fellowship,"1680 Garland StDenver, CO 80215"
Our Lady of Grace,"2341 Meadowbrook DrDenver, CO 80221"
Christian Ministry In Natl,"1951 Elmwood LnDenver, CO 80221"
First Unitarian Society-Denver,"6200 W Hampden AveDenver, CO 80227"
Medhanealem Ethiopian Orthodox Tewahedo Church,"3000 S Wadsworth BlvdDenver, CO 80227"
Iglesia Gracia Y Vida,"Denver, CO 80211"
New Song Church and Ministries,"Denver, CO 80201"
Mile High Baptist Church,"10890 E Dartmouth AveDenver, CO 80014"
Deliverance Tabernacle,"3601 S Lowell BlvdDenver, CO 80236"
Saint Patrick PC,"3400 W Nevada PlDenver, CO 80219"
Warren United Methodist Church,"3301 W Alameda AveDenver, CO 80219"
Bethel Christian Fellowship,"198 S Holly StDenver, CO 80246"
Bethel Church Of God,"14333 Bolling DrDenver, CO 80239"
Community SDA Church,"1201 S Steele StDenver, CO 80210"
Church Of Jesus Christ Of Latter Day Saints,"2180 S University BlvdDenver, CO 80210"
Christ Centered Ministries,"1400 N Williams StDenver, CO 80218"
Lily Of The Valley Church,"3274 E Iliff AveDenver, CO 80210"
Our Lady Of Guadalupe,"1717 E Colfax AveDenver, CO 80218"
Light of Christ Church,"8242 Pecos StDenver, CO 80221"
Iglesia Del Dios Vivo,"3555 Kalamath StDenver, CO 80211"
Guardian Angels Church,"2401 Alcott StDenver, CO 80211"
Now Faith Church,"8100 W Hampden AveDenver, CO 80227"
Colorado Episcopal Foundation,"1635 Blake St Ste 200Denver, CO 80202"
Warren United Methodist Church,"1630 E 14th AveDenver, CO 80218"
Bethel Christian Fellowship,"5405 W 1st AveDenver, CO 80226"
Bethel Church Of God,"2455 Tremont PlDenver, CO 80205"
Community SDA Church,"2455 E 36th AveDenver, CO 80205"
Deliverance Tabernacle,"395 Knox CtDenver, CO 80219"
Church Of Jesus Christ Of Latter Day Saints,"1250 Vrain StDenver, CO 80204"
Lily Of The Valley Church,"4800 W Alameda AveDenver, CO 80219"
Christ Centered Ministries,"2800 S University BlvdDenver, CO 80210"
Light of Christ Church,"4000 W Yale AveDenver, CO 80219"
Colorado Episcopal Foundation,"1300 N Washington StDenver, CO 80203"
Harvey Park Christian Church,"3401 S Lowell BlvdDenver, CO 80236"
United Montbello Presbyterian Church,"4879 Crown BlvdDenver, CO 80239"
Zion Baptist Church,"933 E 24th AveDenver, CO 80205"
Fundamental Baptist Church,"1120 S Irving StDenver, CO 80219"
King Baptist Church,"3370 Ivy StDenver, CO 80207"
First Church-Christ Scientist,"1415 N Logan StDenver, CO 80203"
Christian Science Reading Room,"1601 Larimer StDenver, CO 80202"
Church Of The Ascension,"600 N Gilpin StDenver, CO 80218"
Sixth Avenue United Church,"3250 E 6th AveDenver, CO 80206"
Park Hill Presbyterian,"3411 Albion StDenver, CO 80207"
Church of Christ,"4368 Clayton StDenver, CO 80216"
Bethel Eritrean Church,"1091 S Parker RdDenver, CO 80231"
Saint Andrew Presbyterian Church,"3096 S Sheridan BlvdDenver, CO 80227"
St. Paul's United Methodist Church,"1615 N Ogden StDenver, CO 80218"
Marian Plaza,"1818 N Marion StDenver, CO 80218"
Sacred Heart Catholic,"2760 Larimer StDenver, CO 80205"
Anchor Of Hope Church,"2101 N High StDenver, CO 80205"
The Unified Body Of Christ Apostolic Church,"3010 N High StDenver, CO 80205"
Iglesia Cristiana Maranatha,"3605 Pecos StDenver, CO 80211"
Westside Christian Fellowship,"810 Knox CtDenver, CO 80204"
Alameda Heights United Methodist Church,"3431 W Alameda AveDenver, CO 80219"
St Vincent De Paul Church,"2375 E Arizona AveDenver, CO 80210"
Guardian Angels Church,"1843 W 52nd AveDenver, CO 80221"
John Collins United Methodist Church,"2320 S Bannock StDenver, CO 80223"
Berkeley United Methodist Church,"5200 W 43rd AveDenver, CO 80212"
Hillcrest Christian Reformed,"3000 S Race StDenver, CO 80210"
First Spiritual Science Church,"3375 S Dahlia StDenver, CO 80222"
Life Source Adventist Fellowship,"6200 W Hampden AveDenver, CO 80227"
St Andrew Lutheran Church & School,"12150 Andrews DrDenver, CO 80239"
Now Faith Church,"4840 Chambers RdDenver, CO 80239"
Eighth Ave Baptist Church,"790 Grape StDenver, CO 80220"
Alma Temple,"1340 N Sherman StDenver, CO 80203"
Campbell AME Church,"1500 E 22nd AveDenver, CO 80205"
Community of Christ,"480 N Marion St Ste ADenver, CO 80218"
Gethsemane Temple,"2586 Colorado BlvdDenver, CO 80207"
Denver Chinese Evangelical Free Church,"275 S Hazel CtDenver, CO 80219"
Pilgrim Church Congregational,"4727 Vine StDenver, CO 80216"
Our Lady of Grace,"2645 E 48th AveDenver, CO 80216"
St Mark's Church,"1405 S Vine StDenver, CO 80210"
Eternal Life Temple,"745 S Lowell BlvdDenver, CO 80219"
Iglesia Del Dios Vivo,"4985 Saint Paul StDenver, CO 80216"
Ministerios Pentecostales,"3888 Forest StDenver, CO 80207"
Garden Park Mennonite Brethren,"1720 S Alcott StDenver, CO 80219"
Denver First Wesleyan Church,"3440 W Louisiana AveDenver, CO 80219"
Asamblea Apostolica De La Fe,"6738 E Colfax AveDenver, CO 80220"
Seventh-Day Adventist Church,"2675 S Downing StDenver, CO 80210"
Mto Shahmaghsoudi,"2148 S Ash StDenver, CO 80222"
Bear Valley Church Of God Of Prophecy,"2680 S Sheridan BlvdDenver, CO 80227"
Congregation Roeh Israel,"8556 E Warren Ave Unit 1Denver, CO 80231"
Lighthouse Community Church,"4705 Paris StDenver, CO 80239"
Christian Ministry In Natl,"9185 E Kenyon Ave Ste 230Denver, CO 80237"
Holly Hills Bible Church,"2400 S Holly StDenver, CO 80222"
Christian Community Movement,"2180 S Madison StDenver, CO 80210"
Lakewood Christian Fellowship,"25 S Newland StDenver, CO 80226"
St Stephens Missionary Baptist Church,"3125 N Humboldt StDenver, CO 80205"
Cornerstone Baptist Church,"345 S Meade StDenver, CO 80219"
Greater St John Baptist Church,"1312 Uinta StDenver, CO 80220"
First Southern Baptist Church,"10620 Washington StDenver, CO 80233"
St. Andrew's Episcopal Church,"2015 Glenarm PlDenver, CO 80205"
City Presbyterian Church,"910 16th St Ste 219Denver, CO 80202"
Providence Bible Church,"2400 California StDenver, CO 80205"
Corona Presbyterian Church,"1205 E 8th AveDenver, CO 80218"
Christ In The City Temple,"2824 Welton StDenver, CO 80205"
People's Presbyterian Church,"2780 N York StDenver, CO 80205"
Church Of The Holy Redeemer,"2552 N Williams StDenver, CO 80205"
Fellowship Denver Church,"234 Columbine St Ste 230Denver, CO 80206"
Presbytery of Denver,"1710 S Grant StDenver, CO 80210"
Korea Smyrna Presbyterian Church,"2245 Kearney StDenver, CO 80207"
Rev Leonard Coppes Rev,"4200 E Warren AveDenver, CO 80222"
Church Of Christ Scientist,"2701 S University BlvdDenver, CO 80210"
Holly Street Church Of Christ,"1995 S Holly StDenver, CO 80222"
Disciple Mission Church Of Denver,"8390 E Hampden AveDenver, CO 80231"
Church Of Christ,"8780 Mcelwain BlvdDenver, CO 80229"
Thrive Church,"2820 W 92nd AveDenver, CO 80260"
Northeast Church Of Christ,"5490 Crown BlvdDenver, CO 80239"
Kingdom of Glory Christian Center,"2485 Welton StDenver, CO 80205"
Saint Joseph Catholic Church,"623 Fox StDenver, CO 80204"
Scott United Methodist Church,"2880 N Garfield StDenver, CO 80205"
Resurrection In The City Lutheranchurch,"3560 N York StDenver, CO 80205"
Church Of Good Shepherd,"2626 E 7th Avenue PkwyDenver, CO 80206"
St. Paul's United Methodist Church,"1345 Saint Paul StDenver, CO 80206"
The Unified Body Of Christ Apostolic Church,"1320 W Nevada PlDenver, CO 80223"
Saint Rose of Lima Catholic Parish In Denver Church,"1921 W Virginia AveDenver, CO 80223"
Quaker Meeting Unprogrammed,"3005 W 29th AveDenver, CO 80211"
First United Hmong Allience Church,"1456 Lowell BlvdDenver, CO 80204"
Journey of Faith United Methodist Church,"5209 Montview BlvdDenver, CO 80207"
Nativity of Saint John The Baptist Monastery,"501 Raleigh StDenver, CO 80204"
Alma Temple,"3805 W Walsh PlDenver, CO 80219"
First Mennonite Church,"1814 S Emerson StDenver, CO 80210"
Yeshe Nyingpo Denver,"3060 Monaco PkwyDenver, CO 80207"
Community of Christ,"2280 S Columbine StDenver, CO 80210"
The Bahi Center,"2290 S Clayton StDenver, CO 80210"
Odom Memorial Cogic,"1600 Syracuse StDenver, CO 80220"
Denver Gospel Hall,"2300 S Patton CtDenver, CO 80219"
Gethsemane Temple,"4225 W Yale AveDenver, CO 80219"
Bethsaida Temple,"7031 Samuel DrDenver, CO 80221"
Hope of The Gospel Ministries,"7300 Zuni StDenver, CO 80221"
Grace Memorial Church,"1200 El Paso BlvdDenver, CO 80221"
Iglesia Vida Abundante,"2937 N Fillmore StDenver, CO 80205"
Assumption Greek Orthodox Cathedral,"878 S Quitman StDenver, CO 80219"
Eternal Life Temple,"8700 E 21st AveDenver, CO 80238"
Medhanealem Ethiopian Orthodox Tewahedo Church,"2805 S Forest StDenver, CO 80222"
Denver First Wesleyan Church,"2400 S Ash StDenver, CO 80222"
Grace And Life Church,"838 N Grant StDenver, CO 80203"
Iglesia Gracia Y Vida,"303 22nd StDenver, CO 80205"
Asamblea Apostolica De La Fe,"1450 Speer BlvdDenver, CO 80204"
Holy Family Plaza,"430 W 9th AveDenver, CO 80204"
The Church of The Resurrection,"1081 N Marion StDenver, CO 80218"
Mto Shahmaghsoudi,"1400 N Lafayette StDenver, CO 80218"
Ministerios Fundado Sobre la Roca Iglesia de Cristo Ebenezer,"612 N Washington StDenver, CO 80203"
Unity Temple Of Denver,"1555 Race StDenver, CO 80206"
Jehovah's Witnesses,"2135 E 22nd AveDenver, CO 80205"
Miracle Mountain Ame Zion Church,"2017 E 25th AveDenver, CO 80205"
The Bahi Center,"225 E Bayaud AveDenver, CO 80209"
Rev L Kennedy Reverend,"2428 N Ogden StDenver, CO 80205"
Odom Memorial Cogic,"3301 N Williams StDenver, CO 80205"
Evangelist Temple Church Of God In Christ,"2536 N Ogden StDenver, CO 80205"
Denver Gospel Hall,"1631 Martin Luther King BlvdDenver, CO 80205"
Grace & Truth Full Gospel Pentecostal Church,"2801 N Milwaukee StDenver, CO 80205"
Church of Jesus Christ of LDS,"610 Cook StDenver, CO 80206"
Redeeming Love Fellowship Church,"1201 W 41st AveDenver, CO 80211"
Shorter Community AME Church,"3100 Richard Allen CtDenver, CO 80205"
Imago DEI,"3025 W 37th AveDenver, CO 80211"
Bethsaida Temple,"3930 E 37th AveDenver, CO 80205"
CEC Gospel,"3070 Birch StDenver, CO 80207"
Hope of The Gospel Ministries,"PO Box 16781Denver, CO 80216"
Grace Memorial Church,"1370 Holly StDenver, CO 80220"
Iglesia Vida Abundante,"2707 W Mississippi AveDenver, CO 80219"
Graham Memorial Church,"5001 E Thrill PlDenver, CO 80207"
Church Of God,"830 Holly StDenver, CO 80220"
Denver West Seventh-day Adventist Church,"290 S Quitman StDenver, CO 80219"
Loving Saints,"3401 Holly StDenver, CO 80207"
Iglesia De Cristo Mi-El Ministerios Elim,"5285 Fox StDenver, CO 80216"
Medhanealem Ethiopian Orthodox Tewahedo Church,"5152 E 17th Avenue PkwyDenver, CO 80220"
Denver South Hispanic Seventh Day Church,"2005 S Lincoln StDenver, CO 80210"
Lighthouse Community Church,"4277 W 43rd AveDenver, CO 80212"
Grace And Life Church,"4201 W Kentucky AveDenver, CO 80219"
Iglesia Gracia Y Vida,"4201 W Kentucky AveDenver, CO 80219"
Holy Family Plaza,"4300 Vrain StDenver, CO 80212"
The Church of The Resurrection,"4190 Xavier StDenver, CO 80212"
Antioch Church Of God In Christ Inc,"6825 E 26th AveDenver, CO 80207"
Wyoming Conf Associates Of Seventh Day Adventist,"2520 S Downing StDenver, CO 80210"
Vietnamese Buddhist Congregation of Colorado,"2540 W Iliff AveDenver, CO 80219"
Ministerios Fundado Sobre la Roca Iglesia de Cristo Ebenezer,"8205 E Colfax AveDenver, CO 80220"
Unity Dial-A-Prayer,"3021 S University BlvdDenver, CO 80210"
Eritrean Orthodox Church,"1151 Xenia StDenver, CO 80220"
North Denver Apostolic Church Of Jesus,"2552 W 65th PlDenver, CO 80221"
Church In Denver,"2180 S Leyden StDenver, CO 80222"
Central Latin American District,"7510 Sherman StDenver, CO 80221"
El Bethal Apostolic Community Church,"8333 Acoma WayDenver, CO 80221"
Apostolic Assembly,"8333 Acoma WayDenver, CO 80221"
Seventh-Day Adventist Church,"6200 W Hampden AveDenver, CO 80227"
Jimmie Reed Ministries,"4765 Oakland StDenver, CO 80239"
Front Range Apostolic Tabernacle,"2900 W 91st AveDenver, CO 80260"
Change Christian Academy,"12505 Elmendorf PlDenver, CO 80239"
Jehovah's Witnesses,"14500 Andrews DrDenver, CO 80239"
Frierson International Ministries,"4342 Freeport WayDenver, CO 80239"
L'eglise De La Vie Universelle,"Denver, CO 80211"
Holy Family,"4377 Utica StDenver, CO 80212"
Urban Servant Corps,"1660 N Ogden StDenver, CO 80218"
Temple Sinai,"3509 S Glencoe StDenver, CO 80237"
Korean Hope Presbyterian Church,"1345 S Dayton StDenver, CO 80247"
Lakewood New Life Center,"5250 W 1st AveLakewood, CO 80226"
Denver Sound Church,"5800 W 6th AveLakewood, CO 80214"
Packer J Brent Bishop Study,"3480 Ames StWheat Ridge, CO 80212"
Park View Bible Baptist Church,"5600 W 33rd AveWheat Ridge, CO 80212"
Edgewater United Methodist Church,"2497 Fenton StEdgewater, CO 80214"
The Church of Jesus Christ of Latter-day Saints,"3480 Ames StWheat Ridge, CO 80212"
Blessings Unlimited Independent Consultant,"Lakewood, CO 80227"
Soul Fuel Music,"Lakewood, CO 80228"
Mountair Christian Church,"1390 Benton StLakewood, CO 80214"
Mile Hi Church,"9077 W Alameda AveLakewood, CO 80226"
Bethlehem Lutheran Church & School,"2100 Wadsworth BlvdLakewood, CO 80214"
Crossroads Church,"9725 W 50th AveWheat Ridge, CO 80033"
Denver First Church Of The Nazarene,"3800 E Hampden AveEnglewood, CO 80113"
New Apostolic Church,"3381 Kipling StWheat Ridge, CO 80033"
Trinity Presbyterian Church,"7755 Vance DrArvada, CO 80003"
Holy Cross Lutheran Church,"4500 Wadsworth BlvdWheat Ridge, CO 80033"
The Rising,"7500 W 57th AveArvada, CO 80002"
Holy Name Catholic Church,"3290 W Milan AveEnglewood, CO 80110"
Sts. Peter and Paul Catholic Church,"3900 Pierce StWheat Ridge, CO 80033"
Lakewood United Church Of Christ,"100 Carr StLakewood, CO 80226"
Chinese Evangelical Church Of Denver,"1099 Newark StAurora, CO 80010"
Lakewood United Methodist Church,"1390 Brentwood StLakewood, CO 80214"
Arvada Christian Church,"8010 W 62nd AveArvada, CO 80004"
Holy Trinity Catholic Church,"7595 Federal BlvdWestminster, CO 80030"
GracePoint Community Church,"90 E Orchard RdCentennial, CO 80121"
Grace Fellowship Of Lakewood,"9210 W 2nd AveLakewood, CO 80226"
Lakewood Christian Church,"2025 Kipling StLakewood, CO 80215"
Westwoods Community Church,"2151 S Wadsworth BlvdLakewood, CO 80227"
Westminster United Methodist Church,"3585 W 76th AveWestminster, CO 80030"
Faith Ministries Church International,"7700 W Woodard DrLakewood, CO 80227"
First Baptist Church,"1550 Havana StAurora, CO 80010"
Living Hope Baptist Church,"11373 E Alameda AveAurora, CO 80012"
Village East Baptist Church,"11300 E Mississippi AveAurora, CO 80012"
Redeemer Temple,"3701 W 64th AveArvada, CO 80003"
Prince of Peace Church of God in Christ,"1590 Elmira StAurora, CO 80010"
Victory Fellowship,"4200 S Acoma StEnglewood, CO 80110"
Grace Church,"6969 Sheridan BlvdArvada, CO 80003"
First Southern Baptist Church,"7990 Lowell BlvdWestminster, CO 80030"
Liberacion Y Poder De Dios,"1456 Dallas StAurora, CO 80010"
Mosaic Church,"4101 S Lincoln StEnglewood, CO 80113"
Englewood Assembly Church,"4101 S Lincoln StEnglewood, CO 80113"
For His Glory Christian,"445 S Lansing StAurora, CO 80012"
Our Lady Mother Of The Church,"6690 E 72nd AveCommerce City, CO 80022"
Abundant Life Community Church,"7100 Wadsworth BlvdArvada, CO 80003"
Vietnamese Central Baptist Church,"6400 W 26th AveEdgewater, CO 80214"
Faith Ministries Church International,"430 S Kipling StLakewood, CO 80226"
Hands-On World Missions,"10680 Del Mar PkwyAurora, CO 80010"
Heritage Community Bible Church,"5615 W 64th AveArvada, CO 80003"
Crosswalk Fellowship,"3651 S Colorado BlvdEnglewood, CO 80113"
Aurora First Christian Church,"1601 Dayton StAurora, CO 80010"
New Hope,"6690 Monaco StCommerce City, CO 80022"
Bethany Lutheran Church,"4500 E Hampden AveEnglewood, CO 80113"
Bethel Biblical,"9785 W 9th AveLakewood, CO 80215"
Missionary Baptist Church,"10070 E Carolina DrAurora, CO 80247"
Mile High Vineyard,"5445 Olde Wadsworth BlvdArvada, CO 80002"
Greater Life Heritage Apostolic Church,"10815 E. 14th StreetAurora, CO 80010"
Calvary Temple Christian Church,"7390 W 38th AveWheat Ridge, CO 80033"
Arvada Presbyterian Church,"5592 Independence StArvada, CO 80002"
End Time Message Tabernacle,"576 Hanover Way Ste CAurora, CO 80010"
Advent Lutheran Church,"7979 Meade StWestminster, CO 80030"
Arvada United Methodist Church,"6750 Carr StArvada, CO 80004"
Spirit of Christ Catholic Community,"7400 W 80th AveArvada, CO 80003"
Hcbc,"5615 W 64th AveArvada, CO 80003"
Centro Cristiano  de la Comunidad,"7090 W 64th AveArvada, CO 80003"
Council Of Science Editors Inc,"10200 W 44th Ave Ste 304Wheat Ridge, CO 80033"
Arvada Church Of God,"7135 W 68th AveArvada, CO 80003"
Redemption Evangelistic Ministries,"4975 W 80th AveWestminster, CO 80030"
Northwest Friends Church,"9889 W 66th AveArvada, CO 80004"
Wheat Ridge Congregation Untd,"6310 W 29th AveWheat Ridge, CO 80214"
Agape Bible Churchthor,"8761 Huron StThornton, CO 80260"
Mean Street Ministry,"1380 Ammons StLakewood, CO 80214"
Church On The Move,"9398 W Cedar AveLakewood, CO 80226"
St John Chrysostom,"9300 W Dartmouth PlLakewood, CO 80227"
Vietnamese Grace Baptist Church,"555 S Depew StLakewood, CO 80226"
Christian Fellowship Evangelical Church,"6400 W 26th AveEdgewater, CO 80214"
Healing Waters Family Center Church,"6475 W 29th AveWheat Ridge, CO 80214"
Sudanese Lutheran Church,"2100 Wadsworth BlvdLakewood, CO 80214"
Victory Outreach Colorad,"1755 Dover StLakewood, CO 80215"
David Clifton Ministries,"1533 Glen Ayr DrLakewood, CO 80215"
Ims Sda Church Reform Movement,"9999 E Mississippi AveAurora, CO 80247"
Saint Thomas Malankara Orthodox,"9900 W 9th AveLakewood, CO 80215"
Christ Liberty Restoration Ministries,"10170 E Mississippi AveAurora, CO 80247"
Rocky Mountain Dist,"10111 W 26th AveWheat Ridge, CO 80215"
Buckingham Congregation,"10251 E Jewell AveAurora, CO 80247"
Rock AG Church,"8891 Poze BlvdThornton, CO 80229"
First Plymouth Congregational Church,"3501 S Colorado BlvdEnglewood, CO 80113"
Progressive Missionary Baptist Church,"2055 Dallas StAurora, CO 80010"
Solid Rock Baptist Church,"9635 Montview BlvdAurora, CO 80010"
Friendly Baptist Church,"7201 E 57th PlCommerce City, CO 80022"
House Of Hope Christian Ministries,"10180 E Colfax AveAurora, CO 80010"
Jordan Crossing Community Church,"3695 W 72nd AveWestminster, CO 80030"
Assembly For Christian Churches,"1456 Dallas StAurora, CO 80010"
Calvary Presbyterian Church,"3501 S Colorado BlvdEnglewood, CO 80113"
Harvest Bible Chapel Denver,"3651 S Colorado BlvdEnglewood, CO 80113"
Westminster Presbyterian Church,"3990 W 74th AveWestminster, CO 80030"
Saint Marthas Episcopal Church,"4001 W 76th AveWestminster, CO 80030"
True Light Church,"2620 S Parker RdAurora, CO 80014"
Abundant Life Church,"2851 S Parker Rd Ste 428Aurora, CO 80014"
Impacto De Fe,"5155 E 64th AveCommerce City, CO 80022"
Lutheran Campus Asc,"3455 Lutheran PkwyWheat Ridge, CO 80033"
Divine Love Christian Center,"10690 Del Mar PkwyAurora, CO 80010"
El Sembrador Christian Center,"1565 Elmira StAurora, CO 80010"
Officers' Christian Fellowship,"3784 S Inca StEnglewood, CO 80110"
Shrine Of St Anne,"7320 Grant PlArvada, CO 80002"
Mile High Vineyard,"5855 Wadsworth BypArvada, CO 80003"
Soul Care Full Gospel Center,"6350 E 69th AveCommerce City, CO 80022"
Christ The King Church An American Catholic Community,"1921 S Havana StAurora, CO 80014"
New Life Christian Center,"8301 Rosemary StCommerce City, CO 80022"
Light Of The World Praise The Miracle Church,"1455 Boston StAurora, CO 80010"
Rising Star Missionary Baptist Church,"2385 Galena StAurora, CO 80010"
Church Of God,"2912 S Sherman StEnglewood, CO 80113"
Englewood Bible Church,"3190 S Grant St Unit AEnglewood, CO 80113"
Hope Assembly Of God,"1465 Boston StAurora, CO 80010"
Restoration Outreach Programs,"1540 Boston StAurora, CO 80010"
Doing His Time Prison Ministry,"4045 Wadsworth BlvdWheat Ridge, CO 80033"
Lutheran Churches-Calvary Grc,"3531 S Logan StEnglewood, CO 80113"
Denver Christadelphians,"4280 W 64th AveArvada, CO 80003"
Amazing Grace Church,"3325 S Federal BlvdEnglewood, CO 80110"
Sanctuary Christian Fellowship,"3600 S Clarkson StEnglewood, CO 80113"
Passionate Life Church,"3565 S Platte River DrEnglewood, CO 80110"
New Apostolic Church,"5290 Vance StArvada, CO 80002"
Commerce City Iglesia Del Nazareno,"6395 Monaco StCommerce City, CO 80022"
Servants Heart Church,"6405 Monaco StCommerce City, CO 80022"
Nueva Esperanza,"6540 Leyden StCommerce City, CO 80022"
Ministries Ibg,"10255 E 25th Ave Ste 15Aurora, CO 80010"
Deliverence Jesus Is Coming,"10255 E 25th Ave Ste 15Aurora, CO 80010"
Pentecostal Church Of God,"7280 Irving StWestminster, CO 80030"
Iglesia Pan De Vida,"6989 Holly StCommerce City, CO 80022"
Templo Gethsemani Assembly Of God,"6690 Monaco StCommerce City, CO 80022"
Front Range Messianic Community,"3699 W 73rd AveWestminster, CO 80030"
Evangelical Friends Mission,"5765 Olde Wadsworth Blvd Ste 28Arvada, CO 80002"
House Of God Ministries,"242 Havana StAurora, CO 80010"
Living Water Unity Church,"7401 W 59th AveArvada, CO 80003"
Compututor,"6774 W 66th AveArvada, CO 80003"
Philadelphia Church of The Lord Jesus Christ,"6551 E 72nd AveCommerce City, CO 80022"
Graham Memorial Church,"6610 E 72nd PlCommerce City, CO 80022"
Kingdom Fellowship Full Gospel,"7585 W 66th AveArvada, CO 80003"
Westminster Hispanic,"7979 Meade StWestminster, CO 80030"
Westwoods Community Church,"4980 Kipling St Ste 14Wheat Ridge, CO 80033"
Ohr Avner Community Center Of Colorado,"11100 E Mississippi AveAurora, CO 80012"
Miller Street Church Of Christ,"4595 Miller StWheat Ridge, CO 80033"
Saint Luke's Alternative Catholic Church,"6490 Carr StArvada, CO 80004"
Rocky Mountain Ghanaian SDA,"1159 S Moline StAurora, CO 80012"
Teshuvah International Ministries,"8083 Raleigh StWestminster, CO 80031"
Restoration Covenant Church,"6901 Wadsworth BlvdArvada, CO 80003"
Saint Elias Church,"7580 Pierce StArvada, CO 80003"
Living Light Of Peace,"5927 Miller StArvada, CO 80004"
Living Water Unity Church,"7735 Wadsworth BlvdArvada, CO 80003"
The Latter Glory Ministries,"3000 S Jamaica Ct Ste 100Aurora, CO 80014"
Inter-Faith Community Services,"3370 S Irving StEnglewood, CO 80110"
St Bernadette School,"1100 Upham StLakewood, CO 80214"
St Louis School,"3301 S Sherman StEnglewood, CO 80113"
St Anne's Catholic School,"7320 Grant PlArvada, CO 80002"
Queen Of Angels Catholic Book Shop,"2353 S Havana St Unit D18Aurora, CO 80014"
Answers Hypnosis,"2775 S BroadwayEnglewood, CO 80113"
Rights For All People,"1400 Dayton StAurora, CO 80010"
Cedarwood Christian Academy,"11430 E 19th AveAurora, CO 80010"
My Beloved Ministries,"8221 Bradburn DrWestminster, CO 80031"
Arvada Midget Football Association,"10410 W 64th PlArvada, CO 80004"
Our Lady of Fatima Catholic Church,"10530 W 20th AveLakewood, CO 80215"
St. Pauls Community Church,"8001 W 23rd AveLakewood, CO 80214"
Resurrection Community Bible,"9641 E 16th AveAurora, CO 80010"
Christ The King Episcopal Church,"6490 Carr StArvada, CO 80004"
Agape Life Church,"5970 W 60th AveArvada, CO 80003"
Next Level Church,"3220 S Acoma StEnglewood, CO 80110"
Bear Creek Church,"3101 S Kipling StLakewood, CO 80227"
Saint Paul Lutheran Church,"2470 Wadsworth BlvdLakewood, CO 80214"
River Of Life Church,"8690 W Jewell AveLakewood, CO 80232"
St Jude Catholic Church,"9405 W Florida AveLakewood, CO 80232"
Cloverdale Church Of God,"5705 W Louisiana AveLakewood, CO 80232"
Jehovah's Witnesses,"10251 E Jewell AveAurora, CO 80247"
Our Saviour's Church,"1975 S Garrison StLakewood, CO 80227"
Southwest First Assembly of God,"3199 S Wadsworth BlvdLakewood, CO 80227"
Bible Believers Baptist Church,"10200 W 44th AveWheat Ridge, CO 80033"
Bethel Korean Presbyterian Church,"6415 W 44th AveWheat Ridge, CO 80033"
Wheatridge Presbyterian Church,"9180 W 38th AveWheat Ridge, CO 80033"
Denver Church Of Christ,"8608 W 69th PlArvada, CO 80004"
Wheat Ridge United Methodist Church,"7530 W 38th AveWheat Ridge, CO 80033"
Simpson United Methodist Church,"6001 Wolff StArvada, CO 80003"
Wheat Ridge Lutheran Church,"8600 W 38th AveWheat Ridge, CO 80033"
Jireh Christian Center,"1532 Galena StAurora, CO 80010"
Shrine of St. Anne's Catholic Church,"7555 Grant PlArvada, CO 80002"
St. Andrew Lutheran Church,"6774 W 66th AveArvada, CO 80003"
Grace Christian Center,"4085 Independence CtWheat Ridge, CO 80033"
Jefferson Ave United Methodist Church,"4425 Kipling StWheat Ridge, CO 80033"
Mtn View United Church,"10700 E Evans AveAurora, CO 80017"
King Of Glory Lutheran Church,"10001 W 58th AveArvada, CO 80002"
Mayflower Congregational Church,"3001 S Acoma StEnglewood, CO 80110"
Boston Street SDA Church,"1297 Boston StAurora, CO 80010"
Ege Ministries,"4535 Wadsworth BlvdWheat Ridge, CO 80033"
Jehovah's Witnesses,"10081 E 25th AveAurora, CO 80010"
Indonesian Seventh-Day Adventist Church,"7090 W 64th AveArvada, CO 80003"
Colorado Christian Fellowship,"10630 E Iliff AveAurora, CO 80014"
The Church of Jesus Christ of Latter-day Saints,"7080 Independence StArvada, CO 80004"
Baptist Temple-Lakewood,"2049 Wadsworth BlvdLakewood, CO 80214"
First Baptist Church,"1380 Ammons StLakewood, CO 80214"
Southwest Bible Chapel,"5260 W Florida AveLakewood, CO 80232"
Saint Paul's Episcopal Church,"9200 W 10th AveLakewood, CO 80215"
Church of Christ,"1035 S Fulton StAurora, CO 80247"
Colorado Avenue Bible Church,"10300 E Colorado AveAurora, CO 80247"
Saint Bernadette Catholic Church,"7240 W 12th AveLakewood, CO 80214"
Jewel Spa,"1864 S Wadsworth Blvd Unit 9Lakewood, CO 80232"
OUR LADY OF FATIMA PARISH,"1985 Miller StLakewood, CO 80215"
Lakewood Church Of The Nazarene,"1755 Dover StLakewood, CO 80215"
Jehovah's Witnesses,"951 Milky WayThornton, CO 80260"
Saint James Episcopal Church,"8235 W 44th AveWheat Ridge, CO 80033"
Western Rite Old Catholic Church,"3057 S Fox StEnglewood, CO 80110"
Korean Emmanuel United Methodist Church,"3095 S University BlvdEnglewood, CO 80113"
Igleslia Nueva Vision Christian Church,"1540 Dayton StAurora, CO 80010"
Holy Cross Lutheran Church,"45 Wadsworth BlvdWheat Ridge, CO 80033"
Saint Therese Catholic Church,"1243 Kingston StAurora, CO 80010"
Community Christian Church,"7090 W 64th AveArvada, CO 80003"
Peace Lutheran Church,"5675 Field StArvada, CO 80002"
Bethel Missionary Baptist Church,"5140 Carr StArvada, CO 80002"
Harvest Christian Community,"7125 W 44th AveWheat Ridge, CO 80033"
Denver Eagles,"3434 S BroadwayEnglewood, CO 80113"
Agape Missionary Church,"1590 Chester StAurora, CO 80010"
Christaid Inc,"5415 W 59th AveArvada, CO 80003"
Jehovah's Witnesses,"7891 W 44th AveWheat Ridge, CO 80033"
Church of Jesus Christ of Latter-Day Saints,"6705 South LnEnglewood, CO 80113"
Hope Deliverance,"242 Havana StAurora, CO 80010"
Cornerstone Church Of God,"5624 Yarrow StArvada, CO 80002"
Love Outreach Pentecostal Church,"4172 W 76th AveWestminster, CO 80030"
The Church of Jesus Christ of Latter-Day Saints,"11100 E Alameda AveAurora, CO 80012"
Jubilee Evangelical Church,"445 S Lansing StAurora, CO 80012"
Living Hope Community Church,"1478 S Kenton StAurora, CO 80012"
St. Elias Antiochian Orthodox Church,"7580 Pierce StArvada, CO 80003"
Beth Eden Baptist Church,"2600 Wadsworth BlvdWheat Ridge, CO 80033"
New Hope Ministries,"5303 W Kentucky AveLakewood, CO 80226"
ECK Temple of Colorado,"7100 W Mississippi AveLakewood, CO 80226"
Holy Trinity Catholic School,"3050 W 76th AveWestminster, CO 80030"
St Therese School,"1200 Kenton StAurora, CO 80010"
Denver United Christian Liberty Evangelical Church,"5890 Newport StCommerce City, CO 80022"
Living Water Christian Center,"1585 Kingston StAurora, CO 80010"
Sisters Of Loretto,"7250 W 21st AveLakewood, CO 80214"
Rising Star Missionary Baptist Church,"1500 S Dayton StAurora, CO 80247"
Saint Rafka Maronite Church,"2301 Wadsworth BlvdLakewood, CO 80214"
Phillips United Methodist Church,"1450 S Pierce StLakewood, CO 80232"
Atonement Lutheran Church,"6281 W Yale AveLakewood, CO 80227"
Holy Shepherd Lutheran Church Elca,"920 Kipling StLakewood, CO 80215"
Belmar Baptist Church,"460 S Kipling StLakewood, CO 80226"
Central Bible Church,"1490 S Pierce StLakewood, CO 80232"
The Church of Jesus Christ of Latter-day Saints,"6465 W Jewell AveLakewood, CO 80232"
Seventh Day Adventist Church,"9999 E Mississippi AveAurora, CO 80247"
Christian Science Endtime Center,"3225 S Wadsworth BlvdLakewood, CO 80227"
First Slavick Christian Church,"6550 Tennyson StArvada, CO 80003"
Trinity Baptist Church,"4490 Newland StWheat Ridge, CO 80033"
First Baptist Church-Englewood,"3190 S BroadwayEnglewood, CO 80113"
Morning Star Baptist Church,"2385 Galena StAurora, CO 80010"
Clear Creek Baptist Church,"10559 W 44th AveWheat Ridge, CO 80033"
Grace Baptist Church,"7740 Highway 2Commerce City, CO 80022"
Covenant Presbyterian Church,"6100 W 44th AveWheat Ridge, CO 80033"
First Church Of Christ Scientist,"3701 S Logan StEnglewood, CO 80113"
Church of Christ Scientist,"8591 Ralston RdArvada, CO 80002"
Faith Presbyterian Church,"11373 E Alameda AveAurora, CO 80012"
Our Lady Of The Snow Chapel,"4101 Lamar StWheat Ridge, CO 80033"
St Louis Catholic Church,"3310 S Sherman StEnglewood, CO 80113"
Abundant Grace Fellowship,"4535 Wadsworth BlvdWheat Ridge, CO 80033"
Immanuel Lutheran Church,"3695 S Acoma StEnglewood, CO 80110"
Englewood United Methodist Church,"3885 S BroadwayEnglewood, CO 80113"
St Matthew Lutheran Church,"1609 Havana StAurora, CO 80010"
Centerpoint Community Church,"6265 Garrison StArvada, CO 80004"
Aquarian Foundation,"4550 Wadsworth Blvd Ste LWheat Ridge, CO 80033"
Joy Tabernacle Holiness Church,"1590 Florence StAurora, CO 80010"
Church Of Jesus Christ Of Latter Day Saints,"7021 E 64th AveCommerce City, CO 80022"
New Nation Church,"2001 Jamaica StAurora, CO 80010"
Seventh-Day Adventist Church,"11400 E Mississippi AveAurora, CO 80012"
Arvada Mennonite Church,"5927 Miller StArvada, CO 80004"
Fellowship Bible Church,"2201 Jay StEdgewater, CO 80214"
West Alameda Baptist Church,"333 S Eaton StLakewood, CO 80226"
Landmark Missionary Baptist Church,"316 S Moore StLakewood, CO 80226"
First Presbyterian Church,"8210 W 10th AveLakewood, CO 80214"
Idledale Church Ministry,"7625 W 5th Ave Ste 100dLakewood, CO 80226"
Light & Life Community Church,"220 S Yarrow StLakewood, CO 80226"
Resurrection Lutheran Church,"7100 W Mississippi AveLakewood, CO 80226"
Palm Tree Therapy,"1864 S Wadsworth Blvd Unit 9Lakewood, CO 80232"
South Sheridan Baptist Church,"5303 W Kentucky AveLakewood, CO 80226"
Emmanuel Church Of Edgewater,"6400 W 26th AveEdgewater, CO 80214"
Church In The Wind of Denver,"431 W 84th AveThornton, CO 80260"
An Bang Temple,"5400 W Kentucky AveLakewood, CO 80226"
A Course In Miracles & Attitudinal Healing Center Inc,"7625 W 5th Ave Ste 102eLakewood, CO 80226"
Victory Outreach,"460 S Kipling StLakewood, CO 80226"
The Federal Heights Congregation Of Jehovah Witness,"951 Milky WayThornton, CO 80260"
North Hills Church Of God,"8891 Poze BlvdThornton, CO 80229"
Church of Jesus Christ of Latter-Day Saints,"9227 W Dartmouth PlLakewood, CO 80227"
Berean Grace Fellowship,"7361 Krameria DrCommerce City, CO 80022"
Iglesia Evangelica Jesucristo,"1540 Dayton StAurora, CO 80010"
Jireh Christian Center,"262 Havana StAurora, CO 80010"
Slavic Christian Church,"10369 W 59th PlArvada, CO 80004"
First Baptist Of Westminster,"7625 Lowell BlvdWestminster, CO 80030"
Peaceful Rest Baptist Church,"1195 Lima StAurora, CO 80010"
Englewood First Presbyterian Church,"3500 S Logan StEnglewood, CO 80113"
Aurora First Presbyterian Church,"1585 Kingston StAurora, CO 80010"
Denver Local Church,"6375 W 44th AveWheat Ridge, CO 80033"
Bethsda Lutheran Home and Services,"3500 S Lincoln StEnglewood, CO 80113"
Goode Centennial United Methodist Church,"6381 Olive StCommerce City, CO 80022"
Leake Memorial Methodist Church,"1300 Iola StAurora, CO 80010"
Our Saviour's Lutheran Church,"6770 Monaco StCommerce City, CO 80022"
Hope Lutheran Church,"1345 Macon StAurora, CO 80010"
Burns Memorial United Methodist Church,"1095 Newark StAurora, CO 80010"
Denver Hmong Alliance Church,"8135 Knox CtWestminster, CO 80031"
Bethesda Baptist Church,"6700 Leyden StCommerce City, CO 80022"
New Hope In Christ,"4595 Harlan StWheat Ridge, CO 80033"
Light Of Life Church,"5800 Monaco StCommerce City, CO 80022"
St Mark Family Resource Center,"3646 S Galapago StEnglewood, CO 80110"
Souls Harbor Community Outreach,"1431 Dayton StAurora, CO 80010"
Redeemed Ones Jail Prison,"1425 Florence StAurora, CO 80010"
Korean Full Gospel Church,"10600 E 14th AveAurora, CO 80010"
City Conquest Chritian Center,"6201 E 74th PlCommerce City, CO 80022"
Christian Fellowship School,"7700 W Woodard DrLakewood, CO 80227"
Mt Olive Lutheran Church,"11500 E Iliff AveAurora, CO 80014"
Calvary Baptist Church Of Thornton,"1640 E 88th AveThornton, CO 80229"
Calvary Episcopal Church Golden,"1320 Arapahoe StGolden, CO 80401"
Southern Gables Church (EFCA),"4001 S Wadsworth BlvdLittleton, CO 80123"
Foothills Community Church,"8270 W 80th Ave Ste 1Arvada, CO 80005"
Arvada Baptist Church,"8350 W Pomona DrArvada, CO 80005"
Foothills Community Church,"8230 W 80th AveArvada, CO 80005"
Renewal Ministries,"Po Box 740100Arvada, CO 80006"
Korean Presbyterian Church,"7755 Kipling StArvada, CO 80005"
King Of Kings Lutheran Church,"8300 W Pomona DrArvada, CO 80005"
Pax Christi Catholic Church,"5761 Mcarthur Ranch RdLone Tree, CO 80124"
